{
  "severity": {
    "type": "classification",
    "accuracy": 0.9724409448818898,
    "f1_score": 0.9728428018779521,
    "precision": 0.9742434224451783,
    "recall": 0.9724409448818898
  },
  "social_affect": {
    "type": "regression",
    "mae": 1.648674726486206,
    "rmse": 2.6097331047058105,
    "r2": 0.7805259435231647
  },
  "rrb": {
    "type": "regression",
    "mae": 1.08757483959198,
    "rmse": 2.0432581901550293,
    "r2": 0.8127864123590278
  },
  "comparison_score": {
    "type": "classification",
    "accuracy": 0.9291338582677166,
    "f1_score": 0.9289821046143846,
    "mae_ordinal": 0.14566929133858267
  }
}