{
  "severity": {
    "type": "classification",
    "accuracy": 0.968503937007874,
    "f1_score": 0.9688762503122573,
    "precision": 0.9698897316761762,
    "recall": 0.968503937007874
  },
  "social_affect": {
    "type": "regression",
    "mae": 1.7305206060409546,
    "rmse": 2.488865852355957,
    "r2": 0.8003846099535536
  },
  "rrb": {
    "type": "regression",
    "mae": 1.1559568643569946,
    "rmse": 1.8622316122055054,
    "r2": 0.8444900420758983
  },
  "comparison_score": {
    "type": "classification",
    "accuracy": 0.9251968503937008,
    "f1_score": 0.9257532463614463,
    "mae_ordinal": 0.16929133858267717
  }
}